Original Score,Original Feedback,Verdict_AI,Excel_Row
3,"Feedback: The group used an interdisciplinary approach to clearly address the problems ""Should we focus on economic growth and development or prioritize environmental injustice when addressing social inclusion?"" and ""How do we reconcile the potential conflicts between economic progress and environmental injustice"". They demonstrated a clear rationale for taking this interdisciplinary approach.
Feedforward: This represents mastery-level work. Continue applying this level of analysis to other complex sustainability issues.","VERDICT: PASS
REASON: The provided feedback matches the numerical score of 3.0. The feedback is very positive, highlighting the group's effective use of an interdisciplinary approach to address complex problems, and explicitly states that the work represents ""mastery-level"" analysis. This aligns with the grading scale's description of a 3.0 score as ""Mastery (Very positive, focuses on high-level integration)"". The tone and content of the feedback are consistent with a high level of achievement, which is appropriate for a score of 3.0.",2
2,"Feedback: The group attempted to frame and justify the problem by taking a stance on prioritizing environmental injustice over economic growth when addressing social inclusion. However, this group did not justify the solutions to reconciling the conflicts between economic growth and environmental injustice, i.e., progressive redistributive policies.
Feedforward: To reach mastery level, the group need to provide a clearer rationale for why progressive redistributive policies are necessary for addressing this complex conflict between economic growth and environmental injustice. ","VERDICT: PASS
REASON: The provided feedback matches the numerical score of 2.0, which corresponds to the ""Developing"" level. The feedback acknowledges the group's attempt to frame and justify the problem, indicating some level of progress. However, it also points out gaps, specifically the lack of justification for the solutions to reconciling the conflicts between economic growth and environmental injustice. The feedforward section provides constructive suggestions for improvement, which is consistent with the ""Developing"" level. The tone of the feedback is helpful and focused on identifying areas for growth, rather than being purely negative or critical, which would be more characteristic of a 1.0 score. Overall, the feedback aligns with the expectations for a 2.0 score, providing a balance of acknowledgement of progress and identification of areas for improvement.",3
3,"Feedback: The group excellently framed the problem and clearly articulated the tension between economic growth and environmental justice while considering different stakeholders with strong justifications.
Feedforward: This represents mastery-level work. Continue applying this level of analysis to other complex sustainability issues.","VERDICT: PASS
REASON: The feedback provided for a score of 3.0 is very positive and focuses on the high-level integration of the problem framing, stakeholder consideration, and justification, indicating mastery-level work. The use of words like ""excellently"" and phrases like ""mastery-level work"" align with the definition of a 3.0 score, which is characterized as ""Very positive, focuses on high-level integration."" Therefore, the feedback matches the numerical score.",4
2,"Feedback: The group framed the problem by advocating for a focus on environmental injustice, providing some reasoning through integrating different disciplinary perspectives. However, the concern is that they did not justify why they use the integrative approach to address the questions..
Feedforward: To improve, the group should provide a clearer rationale for why an interdisciplinary approach is necessary and better justify their choice to prioritize environmental injustice. They need to more clearly articulate the problem statement and explain why their proposed approach is most effective.","VERDICT: PASS
REASON: The provided feedback matches the numerical score of 2.0, which is categorized as ""Developing"". The feedback points out gaps and areas for improvement, such as the lack of justification for using an integrative approach and the need for a clearer rationale. However, it also acknowledges progress by stating that the group ""provided some reasoning through integrating different disciplinary perspectives"". This balance of constructive criticism and recognition of effort is consistent with the ""Developing"" category, making the feedback a good match for the score of 2.0.",5
3,"Feedback: The group demonstrated excellent problem framing by presenting a comprehensive analysis that balances economic growth with environmental justice concerns.
Feedforward: This represents mastery-level work. Continue applying this level of analysis to other complex sustainability issues.","VERDICT: PASS
REASON: The feedback provided for a score of 3.0 aligns perfectly with the grading scale's definition of ""Mastery."" The language used is very positive, noting that the group ""demonstrated excellent problem framing"" and that their work represents ""mastery-level."" Additionally, the feedback focuses on high-level integration, as it highlights the group's ability to balance economic growth with environmental justice concerns. The feedforward section also reinforces the mastery level by encouraging the group to continue applying their high level of analysis to other complex issues. Overall, the feedback matches the numerical score of 3.0, indicating that the work has achieved a high level of quality and integration.",6
2,"Feedback: The group used an interdisciplinary approach to propose the solutions to the conflict with strong justifications. But it is not clear about their purpose for the priority. Specifically, they attempted to frame the problem by discussing the balance between economic growth and environmental justice, ultimately advocating for prioritizing economic growth. This inconsistency confuses people.
Feedforward: This group need to show their purpose of priority in a clear and consistant way with strong justification.","VERDICT: PASS
REASON: The provided feedback matches the numerical score of 2.0, which corresponds to the ""Developing"" category. The feedback acknowledges the group's strengths, such as using an interdisciplinary approach and providing strong justifications for their solutions. However, it also points out a significant gap, specifically the lack of clarity regarding their purpose for prioritizing economic growth over environmental justice, which creates an inconsistency. This balance of acknowledging progress while highlighting areas for improvement aligns with the characteristics of a 2.0 score. The feedback is helpful and constructive, aiming to guide the group towards improvement, which further supports the ""Developing"" designation.",7
3,"Feedback: Outstanding problem framing with clear analysis of the tensions between economic growth and environmental justice. The group provided excellent contextual analysis including COVID-19 examples and demonstrated clear understanding of why a nuanced, interdisciplinary approach is necessary.
Feedforward: This represents mastery-level work. Continue applying this level of analysis to other complex sustainability issues.","VERDICT: PASS
REASON: The feedback matches the numerical score of 3.0, as it is very positive, focusing on high-level integration, and acknowledges the group's outstanding work in problem framing, analysis, and contextual understanding. The language used, such as ""Outstanding"", ""excellent"", and ""mastery-level work"", aligns with the expectations of a 3.0 score, which is characterized by very positive feedback that focuses on high-level integration. The feedback also provides a clear and supportive feedforward, encouraging the group to continue applying their excellent analysis to other complex issues, which further supports the 3.0 score.",8
3,"Feedback: The group demonstrated clear and justified problem framing by articulating their position that economic growth and development is more necessary in addressing social inclusion. They proposed solutions to address the conflicts with integrated approach.
Feedforward: This represents mastery-level work. Continue this robust approach when addressing future sustainability problems.","VERDICT: PASS
REASON: The feedback provided matches the numerical score of 3.0, as it is very positive and focuses on high-level integration. The feedback highlights the group's clear and justified problem framing, their proposal of solutions, and acknowledges their mastery-level work. The tone is supportive and encouraging, with the feedforward suggesting that they continue their robust approach, which aligns with the characteristics of a 3.0 score according to the grading scale.",9
3,"Feedback: The group provided excellent problem framing by clearly articulating why environmental injustice should be the focus when addressing social inclusion. 
Feedforward: This represents mastery-level work. Well done.","VERDICT: PASS
REASON: The feedback provided for a score of 3.0 is very positive, indicating that the group has demonstrated ""mastery-level work"" with ""excellent problem framing."" This aligns with the grading scale definition for a 3.0 score, which is characterized as ""Very positive, focuses on high-level integration."" The feedback explicitly states that the work represents mastery level and congratulates the group with ""Well done,"" which further supports the appropriateness of the 3.0 score. There is no negative or harsh commentary that would suggest a mismatch with the score. Therefore, the feedback matches the numerical score of 3.0.",10
3,"Feedback: The group attempted to frame the problem around carbon emissions as a key climate issue, demonstrating some understanding of the urgency and interconnectedness of environmental and social factors. 
Feedforward: The purposes and solutions are very clear. Well done!","VERDICT: FAIL
REASON: The provided feedback does not match a score of 3.0, which is supposed to be ""Mastery"" level, focusing on high-level integration and being very positive. The feedback states that the group ""attempted to frame the problem"" and ""demonstrating some understanding,"" which indicates that there is still room for improvement. This language is more aligned with a ""Developing"" (2.0) score, as it acknowledges progress but also points out gaps. A 3.0 score would be expected to have more unequivocally positive language, similar to the reference example ""Excellent: Well-defined interdisciplinary problem framing."" The use of ""attempted"" and ""some understanding"" suggests that the work, while good, does not fully reach the mastery level.",11
1.5,"Feedback: While the group touched on tensions between environmental protection and economic priorities, the problem statement is unclear and the rationale for an interdisciplinary approach is underdeveloped.
Feedforward: This group need to strengthen problem framing by clearly stating the specific problem being addressed, providing a logical rationale for why an interdisciplinary approach is necessary.","VERDICT: PASS
REASON: The provided feedback aligns with the expectations for a score of 1.5, which is between ""Emerging"" (1.0) and ""Developing"" (2.0). The feedback critiques the group's work, specifically mentioning gaps such as an unclear problem statement and an underdeveloped rationale for an interdisciplinary approach. It also provides feedforward suggestions on how to improve, which is consistent with the ""Emerging"" category that is critique-heavy but aims to guide improvement. The tone and content of the feedback do not suggest a perfect work or even mastery, and the critique is substantial enough to not be categorized as merely ""Developing."" Therefore, the feedback matches the numerical score of 1.5, indicating a need for significant improvement but acknowledging some initial effort.",12
3,"Feedback: The group provided excellent problem framing by focusing specifically on the transportation sector's role in climate change with clear rationale. They effectively connected environmental, social, and economic dimensions of transportation-related emissions.
Feedforward: This represents mastery-level problem framing. Well done.","VERDICT: PASS
REASON: The provided feedback matches the numerical score of 3.0. The feedback is very positive, highlighting the group's excellent problem framing, clear rationale, and effective connection of environmental, social, and economic dimensions. The feedforward explicitly states that this represents ""mastery-level problem framing"" and includes praise (""Well done""), which aligns with the grading scale's description of a 3.0 score as ""Very positive, focuses on high-level integration.""",13
3,"Feedback: The group provided excellent problem framing by emphasizing the social dimension as a crucial starting point for climate action. 
Feedforward: This represents mastery-level analysis. Well done!","VERDICT: PASS
REASON: The provided feedback matches the numerical score of 3.0. The feedback is very positive, stating that the group provided ""excellent problem framing"" and that their work represents ""mastery-level analysis."" The tone is commendatory, focusing on the high-level integration of the social dimension in climate action, which aligns with the criteria for a 3.0 score as defined by the grading scale. The use of phrases like ""excellent"" and ""Well done!"" further supports the notion that the work has achieved a high standard, consistent with the ""Mastery"" level described in the grading scale.",14
3,"Feedback: The group proposed several problems from different perspectives to tackle for addressing climate change. The problem statement is clear and the integrative approach is clear and evident.
Feedforward: This represents mastery-level work. Good job!","VERDICT: PASS
REASON: The feedback provided for a score of 3.0 is very positive, emphasizing that the group's problem statement is clear, their integrative approach is evident, and they have proposed several problems from different perspectives. The tone is commendatory, with phrases like ""This represents mastery-level work"" and ""Good job!"", which aligns perfectly with the criteria for a 3.0 score, indicating ""Mastery"" with a focus on high-level integration and very positive assessment. There is no critique or negativity in the feedback that would suggest a lower score, making the match between the score and the feedback appropriate.",15
3,"Feedback: The group attempted to frame the problem by advocating for tackling environmental issues first, providing some rationale about urgency and interconnectedness.
Feedforward: It is fair to say this is mastery-level work, though the justification can be improved and deeper.","VERDICT: PASS
REASON: The feedback provided matches the numerical score of 3.0. Although it mentions that the justification can be improved and deepened, it starts by stating that the group's work is at a ""mastery-level,"" which aligns with the grading scale's definition of a 3.0 score as ""Very positive, focuses on high-level integration."" The critique offered is constructive and aimed at further enhancing already strong work, which is appropriate for a 3.0 score. The tone remains positive, acknowledging the group's achievement while suggesting areas for further refinement, thus adhering to the criteria for a 3.0 score.",16
3,"Feedback: The group attempted to address the high carbon emission issue and proposed some solutions. They used an integrative approach, and the rationale for why this requires an interdisciplinary approach is clear.
Feedforward: This is a good example of problem framing and purpose ","VERDICT: FAIL
REASON: The provided feedback for a score of 3.0 does not align with the expectations for a ""Mastery"" level as defined by the grading scale. A score of 3.0 should be ""Very positive, focuses on high-level integration"" and resemble the reference example ""Excellent: Well-defined interdisciplinary problem framing."" The given feedback, while positive, uses phrases such as ""The group attempted"" and describes the work as ""a good example,"" which suggests a level of achievement but does not convey the exceptionally high standard expected for a 3.0 score. The tone and language used are more aligned with acknowledging progress and providing constructive feedback, which is more suitable for a 2.0 score. Therefore, the feedback does not match the numerical score provided.",17
3,"Feedback: The group attempted to frame the problem around the high cost of renewable energy as a barrier to environmental progress, showing understanding of how this economic challenge affects environmental and social goals. 
Feedforward: The group showed great work on articulating the purpose with integrative approaches and justification. Well done!","VERDICT: PASS
REASON: The feedback provided for a score of 3.0 is very positive, focusing on the strengths of the group's work, such as their understanding of the economic challenge, their ability to articulate the purpose with integrative approaches, and justification. The use of phrases like ""Well done!"" further reinforces the positive tone of the feedback, which aligns with the criteria for a 3.0 score, indicating ""Mastery"" with a focus on high-level integration and very positive feedback. There is no negative or harsh criticism, which would be inconsistent with a 3.0 score, making the match between the score and the feedback appropriate.",18
2,"Feedback: The group attempted to frame the problem by advocating for tackling the economic dimension first to ensure stability before addressing environmental and social concerns. They provided some logical reasoning about the importance of economic foundation, but the rationale for an integrateive approach could be clearer.
Feedforward: They need to strengthen problem framing by providing more comprehensive justification for why economic stability is prerequisite to environmental and social progress","VERDICT: PASS
REASON: The feedback provided for a score of 2.0 is appropriate as it both acknowledges the group's attempt to frame the problem and points out gaps that need improvement. The feedback mentions that the group provided ""some logical reasoning"" which indicates a level of progress, but also states that ""the rationale for an integrative approach could be clearer,"" highlighting an area for development. This aligns with the ""Developing"" description for a 2.0 score, which is characterized by feedback that is helpful and points out gaps but acknowledges progress. The feedforward suggestion to ""strengthen problem framing"" further supports this, as it offers a constructive direction for improvement rather than outright critique or unqualified praise.",19
3,"Feedback: The group attempted to propose solutions (provide economic subsidies for companies that support the usage of reusable bags as well as to implement a “plastic” tax on businesses) to reduce plastic bag usage via an interdisciplinary approach and acknowledge challenges of the solution.
Feedforward: They clearly proposed their initiatives and justified it through elaborating the relationships between different disciplines. Good job!","VERDICT: PASS
REASON: The feedback provided matches the numerical score of 3.0. The feedback is very positive, stating that the group ""clearly proposed their initiatives"" and ""justified it through elaborating the relationships between different disciplines."" The tone is also encouraging, with the phrase ""Good job!"" at the end. This aligns with the definition of a 3.0 score, which is ""Mastery"" and ""Very positive, focuses on high-level integration."" The feedback highlights the group's strengths and accomplishments, with no critique or mention of gaps, which is consistent with a high score.",20
2,"Feedback: The group attempted to frame the problem by proposing a legislative ban on plastic bags as a more comprehensive solution than charges, showing some understanding of policy alternatives. However, the rationale for why this requires an interdisciplinary approach could be more developed.
Feedforward: They need to strengthen problem framing by providing clearer justification for why plastic waste reduction requires integrated economic, environmental, and social considerations.","VERDICT: PASS
REASON: The provided feedback matches a score of 2.0, as it acknowledges some progress and understanding in the group's attempt to frame the problem but also points out gaps that need improvement, specifically in developing the rationale for an interdisciplinary approach and providing clearer justification for integrated considerations. This aligns with the ""Developing"" criteria, which recognizes progress while also highlighting areas for further development. The feedback is helpful, constructive, and points out specific areas for improvement, which is consistent with a ""Developing"" score.",21
3,"Feedback: The group provided a creative and well-structured approach by proposing a ""Sustainability365"" system building on existing successful health programs. They showed good understanding of how behavioral incentives can address environmental challenges.
Feedforward: It is fair enough to say this is a good work, though it can be better if students strengthen problem framing by providing clearer rationale for why an interdisciplinary approach is necessary for plastic waste reduction.","VERDICT: PASS
REASON: The feedback provided for a score of 3.0 is very positive, highlighting the group's creative and well-structured approach, as well as their good understanding of behavioral incentives. Although it includes a suggestion for improvement (strengthening problem framing), this is in line with the feedforward aspect, aiming to further enhance an already strong performance. The tone remains constructive and focuses on high-level integration, which aligns with the criteria for a 3.0 score (Mastery). The feedback does not contain harsh or overly negative comments that would be inconsistent with a Mastery level, and it acknowledges the good work done, making the match between the score and the feedback appropriate.",22
3,"Feedback: Excellent problem framing with clear rationale for choosing Unpackt as a solution to plastic waste. The group demonstrated strong justification for taking an interdisciplinary approach, connecting environmental, economic, and social perspectives effectively.
Feedforward: This represents mastery-level problem framing. Well done!","VERDICT: PASS
REASON: The feedback provided matches the numerical score of 3.0, as it is very positive and focuses on high-level integration. The feedback highlights the group's excellent problem framing, clear rationale, and effective connection of environmental, economic, and social perspectives, which are all characteristics of mastery-level work. The tone is extremely positive, with phrases such as ""Excellent problem framing"" and ""Well done!"", which aligns with the definition of a 3.0 score. Additionally, the feedforward statement explicitly states that the work represents ""mastery-level problem framing"", further supporting the score of 3.0.",23
3,"Feedback: Clear presentation of the Swedish Return System as a solution for packaging waste, with good understanding of how this system addresses environmental challenges and saving costs as well as labor force through reusable packaging.
Feedforward: They did well in articulating the purpose with interdisciplinary approach.","VERDICT: PASS
REASON: The provided feedback matches the numerical score of 3.0, as it is very positive and focuses on high-level integration. The feedback highlights the strengths of the work, such as the clear presentation of the Swedish Return System, good understanding of its environmental and cost-saving benefits, and the effective articulation of the purpose with an interdisciplinary approach. There is no critique or negative commentary, which is consistent with the Mastery level (3.0) of the grading scale. The tone and content of the feedback align with the expectation of a 3.0 score, which is characterized as ""Very positive, focuses on high-level integration"".",24
1,"Feedback: There is limited problem framing with unclear purpose and insufficient justification for taking an interdisciplinary approach. It is unclear what do the students mean by the intervention when they mentioned ""An impact of the intervention"".
Feedforward: They need to clearly articulate the specific problem being addressed and provide strong rationale for why an interdisciplinary approach is necessary. ","VERDICT: PASS
REASON: The provided feedback matches the numerical score of 1.0, as it is critique-heavy and points out significant gaps in the work. The feedback highlights several areas of improvement, including limited problem framing, unclear purpose, and insufficient justification for an interdisciplinary approach. The tone of the feedback is constructive but critical, which is consistent with the definition of a 1.0 score as ""Emerging (Critique-heavy, many gaps)"". The feedforward section also provides guidance on how to improve, which further supports the notion that the work is in the emerging stage and requires significant development.",25
3,"Feedback: Good framing of the refill-reuse initiative as a solution to packaging waste. They justified the solution through integrating economic costs and environmental protection.
Feedforward: They did well in articulating the purpose with interdisciplinary approach with strong justifications.","VERDICT: PASS
REASON: The feedback provided matches the numerical score of 3.0, which corresponds to ""Mastery"" on the grading scale. The feedback is very positive, focusing on high-level integration, and highlights the strengths of the work, such as good framing, justification through economic costs and environmental protection, and strong justifications with an interdisciplinary approach. The tone is commendatory and acknowledges excellence, which aligns with the definition of a 3.0 score.",26
1.5,"Feedback: The group adopted Swedish Return System to reduce plastic bag usage. The purpose is clear; however, there is no identifiable intergrative approach.
Feedforward: The group need to use an integrative approach to justify how the return system works and explain how this integrated approach is  effective.","VERDICT: PASS
REASON: The provided feedback matches the numerical score of 1.5, which is between ""Emerging"" (1.0) and ""Developing"" (2.0). The feedback identifies a gap in the work, specifically stating that there is ""no identifiable integrative approach,"" which aligns with the ""Emerging"" category that notes ""many gaps."" However, it also acknowledges that ""The purpose is clear,"" which suggests some level of progress, leaning towards the ""Developing"" aspect. The feedforward provides constructive guidance on how to improve, which is consistent with a score that is transitioning from ""Emerging"" to ""Developing."" Overall, the feedback is critique-heavy, focusing on a significant gap, but also offers a pathway for improvement, making it appropriate for a score of 1.5.",27
2,"Feedback: They provide clear proposal for higher plastic bag pricing at NTUC Fairprice as a solution to reduce plastic usage with an interdisciplinary approach. However, the justification for integrating disciplines is not strong and explicit.
Feedforward: They need to enhance justification for why an interdisciplinary approach is necessary. For example, explain how economic, environmental, and social perspectives should be integrated to design effective plastic reduction policies.","VERDICT: PASS
REASON: The provided feedback matches a score of 2.0 because it acknowledges progress and provides helpful insights while also pointing out gaps. The feedback starts by recognizing the clear proposal for higher plastic bag pricing and the use of an interdisciplinary approach, which indicates that the work is developing. However, it also critiques the lack of strong and explicit justification for integrating disciplines, which is a gap that needs to be addressed. The feedforward suggestions offer specific guidance on how to enhance the justification, which is characteristic of a ""Developing"" score. The overall tone is constructive, aiming to help the student improve, rather than solely critical or overly positive, which aligns with the expectations for a 2.0 score.",28
3,"Feedback: Good attempt to present integrated disciplinary perspectives on the environmental injustice vs economic growth debate, showing the purposes (indicate the priority and propose solutions) clearly.
Feedforward: Well done! Continue articulating purposes clearly with integrated approaches to address other complex problems.","VERDICT: PASS
REASON: The feedback provided for a score of 3.0 is very positive and focuses on high-level integration, which aligns with the definition of a 3.0 score (Mastery). The feedback acknowledges the student's ability to present integrated disciplinary perspectives and articulates purposes clearly, indicating a strong performance. The feedforward also reinforces this positive assessment by encouraging the student to continue their good work. Overall, the feedback matches the numerical score of 3.0, as it is ""Very positive"" and emphasizes the student's mastery of the subject matter.",29
3,"Feedback: Excellent problem framing that clearly articulates how environmental justice and economic progress can work together. The group demonstrated strong understanding of the interconnected nature of these issues and provided clear rationale for taking an interdisciplinary approach.
Feedforward: Well done. Keep in framing complex problems with clear purposes and integrated approaches.","VERDICT: PASS
REASON: The provided feedback matches the numerical score of 3.0. The feedback is very positive, using phrases such as ""Excellent problem framing"" and ""Well done"", and focuses on the high-level integration of concepts, indicating a strong mastery of the subject matter. The tone is supportive and encouraging, with no critique or negative comments, which is consistent with the definition of a 3.0 score as ""Very positive, focuses on high-level integration"".",30
2.5,"Feedback: Excellent problem framing that clearly identifies job creation in various sectors as a solution to reconcile environmental and economic conflicts. However, the group did not justify why they prioritise environmental injustice over economic growth to promote social equity.
Feedforward: Moving forward, this group can provide justifications and rationale for prioritising environmental injustice.","VERDICT: FAIL
REASON: The provided score is 2.5, which suggests a level between ""Developing"" and ""Mastery"". However, the feedback provided is more aligned with a score of 3.0, as it starts with ""Excellent problem framing"", indicating a high level of achievement. Although it mentions a gap in justification for prioritizing environmental injustice, the tone remains very positive and focuses on high-level integration, which is characteristic of a Mastery level. A score of 2.5 should have a more balanced tone, acknowledging progress while pointing out gaps, whereas this feedback is overly positive, with the critique being more of a minor suggestion for further improvement rather than a significant gap.",31
3,"Feedback: Clear and strong problem framing that advocates for addressing environmental injustice, with good justification for why this approach serves broader social benefits compared to focusing solely on economic development.
Feedforward: Continue this excellent work by using integrated approaches to address the complex real-world problems.","VERDICT: PASS
REASON: The provided feedback matches the numerical score of 3.0, which corresponds to the ""Mastery"" level. The feedback is very positive, stating that the problem framing is ""clear and strong"" and that it ""advocates for addressing environmental injustice"" with ""good justification."" Additionally, the feedforward section encourages the student to ""continue this excellent work,"" which further reinforces the high level of achievement. The tone and content of the feedback align with the expectations for a score of 3.0, focusing on high-level integration and acknowledging the student's excellent performance.",32
3,"Feedback: Excellent problem framing that recognizes the complexity of the environmental injustice vs economic development debate and advocates for context-dependent solutions. Shows sophisticated understanding of how different situations require different approaches and demonstrates mature thinking about policy complexity.
Feedforward: Well done! The group considred contextual factors which are very important for decision-making in interdisciplinary learning.","VERDICT: PASS
REASON: The provided feedback matches the numerical score of 3.0. The feedback is very positive, highlighting the excellent problem framing, sophisticated understanding, and mature thinking demonstrated by the group. It focuses on the high-level integration of concepts, such as recognizing the complexity of the debate and advocating for context-dependent solutions. The tone is overwhelmingly positive, with phrases like ""Excellent problem framing"" and ""Well done!"", which aligns with the definition of a 3.0 score as ""Very positive, focuses on high-level integration"". There is no negative or harsh language that would suggest a lower score, so the match between the score and the feedback is appropriate.",33
2,"Feedback: The group used integrative approaches to address the problem they identified in the second problem. However, the purpose and rationale for interdisciplinary approach are not well established in the problem identification.
Feedforward: They need to clearly articulate what specific problem the exercise was meant to address and adopt an interdisciplinary approach to analyse it.","VERDICT: PASS
REASON: The provided feedback matches a score of 2.0 as it points out gaps and areas for improvement (""the purpose and rationale for interdisciplinary approach are not well established"") while also acknowledging progress and providing helpful guidance (""the group used integrative approaches to address the problem""). This aligns with the definition of a 2.0 score, which is characterized as ""Developing"" and includes both constructive critique and recognition of efforts made. The feedback is neither overly negative (which would be more characteristic of a 1.0 score) nor entirely positive and lacking in critique (which would be more characteristic of a 3.0 score), making it appropriate for a ""Developing"" assessment.",34
2,"Feedback: The group proposed solutions to address the problem they identified in the second question with integrative approach. However, though the group identified problems, they did not use integrative approach to analyse them.
Feedforward: They need to strengthen problem framing by using integrative approaches and providing clearer rationale for why an interdisciplinary approach is necessary.","VERDICT: PASS
REASON: The provided feedback matches a score of 2.0, as it acknowledges both the strengths and weaknesses of the work. The feedback points out a positive aspect, stating that the group proposed solutions with an integrative approach, but also identifies areas for improvement, such as the lack of an integrative approach in analyzing the problems and the need to strengthen problem framing. This balanced critique, highlighting both progress and gaps, aligns with the ""Developing"" description of a 2.0 score. The tone is helpful and constructive, providing specific suggestions for improvement (feedforward), which is consistent with the expectations for a 2.0 score.",35
3,"Feedback: This group showed clear problem framing that recognizes the complexity of environmental technology implementation with integrative approach.
Feedforward: Keep in this excellent performance in clear problem identification and solving with integrative approaches. Well done!","VERDICT: PASS
REASON: The feedback provided matches the numerical score of 3.0, which corresponds to ""Mastery"". The feedback is very positive, highlighting the group's ""clear problem framing"" and ""excellent performance"" in problem identification and solving. It also uses phrases such as ""Well done!"", which indicates a high level of achievement. The focus is on acknowledging and reinforcing the group's strengths, which is consistent with the ""Mastery"" level of the grading scale.",36
1.5,"Feedback: There is some identification of barriers to environmental action (business and individual resistance to investing in emission reduction), but the group did not use an intergrative approach in problem identification. In the solution proposing, the group used an integrative approach to justify the policies, but the justification for using the integrative approach was limited.
Feedforward: They need to clearly analyse the identified problems and proposed solutions with integrative approach with justifications. ","VERDICT: PASS
REASON: The provided feedback matches the numerical score of 1.5, which is between ""Emerging"" (1.0) and ""Developing"" (2.0). The feedback critiques the group's work, pointing out gaps in their problem identification and solution proposal, such as the lack of an integrative approach in problem identification and limited justification for using an integrative approach. However, it also acknowledges some positive aspects, like the identification of barriers to environmental action. The tone is helpful and suggests areas for improvement, which is consistent with a score between 1.0 and 2.0. The feedback does not sound overly positive or suggest perfect work, which would be inconsistent with a score of 1.5. Overall, the feedback provides a balanced critique, making the verdict PASS.",37
1.5,"Feedback: There is identification of environmental and economic challenges (coral reef death, ice melting, deforestation, job losses), but very limited problem framing and no clear use and rationale for integrative approaches.
Feedforward: They need to clearly analyse the identified problems and proposed solutions with integrative approach with justifications. ","VERDICT: PASS
REASON: The provided feedback matches the numerical score of 1.5, which is between ""Emerging"" (1.0) and ""Developing"" (2.0). The feedback is critique-heavy, pointing out significant gaps in problem framing and the lack of a clear integrative approach. It identifies some positive aspects, such as the identification of environmental and economic challenges, but the overall tone and content suggest that there is substantial room for improvement, which aligns with a score below ""Developing"" but not as low as ""Emerging"". The feedback does not sound overly positive or suggest mastery, which would be inconsistent with a score of 1.5. Instead, it offers constructive criticism, indicating that the work is not yet at the level of ""Developing"" but has some foundation to build upon, fitting the intermediate score of 1.5.",38
1,"Feedback: This group analysed the pros and cons of all the four initiatives. However, this group did not propose their preferred initiative to address the plastic pollution.
Feedforward: They need to strengthen problem framing by indicating a feasible initiative in Singapore with an interdisciplinary approach and providing clear justification for why an interdisciplinary approach is necessary.","VERDICT: PASS
REASON: The provided feedback matches the numerical score of 1.0. Although the feedback starts by positively acknowledging that the group analyzed the pros and cons of all four initiatives, it then highlights a significant gap by stating that the group did not propose their preferred initiative to address the plastic pollution. This criticism is followed by a feedforward suggesting that the group needs to strengthen their problem framing, which aligns with the ""Emerging"" criteria of the 1.0 score, indicating many gaps in the work. The tone of the feedback is constructive and points out areas for improvement, which is consistent with a score of 1.0, focusing on critique and gaps rather than mastery or high-level integration.",39
2,"Feedback: Clear identification of the Swedish Return System as a solution for NTUC an with integrative approach was found. However, the justificaiton for integration is not explicit and strong. 
Feedforward: They can strengthen problem framing by providing more comprehensive justification for why an interdisciplinary approach is necessary for successful implementation. ","VERDICT: PASS
REASON: The feedback provided for a score of 2.0 aligns with the ""Developing"" grade description. It points out gaps (""justificaiton for integration is not explicit and strong"") but also acknowledges progress (""Clear identification of the Swedish Return System as a solution... with integrative approach was found""). This balance of constructive critique and recognition of positive aspects is consistent with the characteristics of a 2.0 score, which is defined as ""Developing"" and is expected to be helpful while noting areas for improvement.",40
1.5,"Feedback: Good identification of Tesco's 4R initiative as a comprehensive approach to packaging sustainability. However, this group did not adopt an integrative approach to justify the feasibility of Tesco's initiative.
Feedforward: They need to use an integrative approach and strengthen problem framing by providing clearer justification for why an interdisciplinary approach is necessary for implementing comprehensive packaging sustainability initiative. ","VERDICT: PASS
REASON: The provided feedback matches the numerical score of 1.5, which is between ""Emerging"" (1.0) and ""Developing"" (2.0). The feedback starts by acknowledging a positive aspect (""Good identification of Tesco's 4R initiative""), but then highlights significant gaps and areas for improvement, such as the lack of an integrative approach and weak problem framing. This balance of acknowledging some progress while pointing out major gaps aligns with the expectations for a score between 1.0 and 2.0, making the feedback appropriate for a score of 1.5. The critique-heavy and gap-focused nature of the feedback, despite some positive comments, fits the ""Emerging"" to ""Developing"" spectrum without sounding overly positive or negative, thus passing the evaluation.",41
1.5,"Feedback: This group clearly articulate their choice - adopting the Swedish Return System. However, this group did not adopt an integrative approach to justify the feasibility of the Swedish Return System.
Feedforward: They need to use an integrative approach and justify why an interdisciplinary approach is necessary for implementing the Swedish Return System.","VERDICT: PASS
REASON: The feedback provided for a score of 1.5 aligns with the grading scale expectations, particularly between the ""Emerging"" (1.0) and ""Developing"" (2.0) levels. The critique points out a significant gap in the approach, specifically the lack of an integrative approach to justify the feasibility of the adopted system. This gap indicates that the work is not at the ""Mastery"" level (3.0) but is rather in a phase where it is developing and shows potential for improvement, with clear areas for growth identified. The tone is constructive, providing specific Feedback and Feedforward that guides improvement, which is consistent with the Developing category but since it's scored as 1.5, it's more aligned with the Emerging side due to the significant gap mentioned, thus it does not sound overly positive or negative to the point of failing the match.",42
1.5,"Feedback: Good recognition that combining multiple case studies creates a more comprehensive approach to addressing the 9Rs (reduce, reuse, recycle, etc.). However, this group did not adopt an integrative approach to justify the feasibility of the combined intiative.
Feedforward: They need to use an integrative approach to explain the feasibility of the combined system and justify why an interdisciplinary approach is necessary for implementing the combined system.","VERDICT: PASS
REASON: The provided feedback aligns with a score of 1.5, which is between Emerging (1.0) and Developing (2.0). The feedback starts by acknowledging a positive aspect of the work (""Good recognition...""), which suggests some level of progress. However, it immediately highlights a significant gap (""However, this group did not adopt an integrative approach...""), indicating that there are substantial areas for improvement. The feedback then provides specific guidance on what needs to be done to improve (""They need to use an integrative approach...""), which is in line with the expectations for a score that reflects both some progress and significant critique. Since the score is 1.5, which leans more towards Emerging (1.0) than Developing (2.0), the presence of both positive acknowledgement and significant critique does not contradict the grading scale. The critique-heavy aspect of the feedback, focusing on the lack of an integrative approach, aligns with the Emerging category, while the acknowledgment of good recognition touches on the helpful aspect seen in Developing scores. Therefore, the feedback matches the numerical score of 1.5.",43
1.5,"Feedback: The group attempted to prioritize environmental injustice for Singapore's national progress. But no interdisciplinary approach was identified to address the equity issues. Besides, this group did not propose any solutions to reconcile the potential conflicts between economic progress and environmental injustice.
Feedforward: They need to use an integrative approach to explain the feasibility of prioritizing environmental injustice and justify it. They also need to propose some potential solutions to address the conflicts.","VERDICT: PASS
REASON: The provided feedback matches the numerical score of 1.5, which is between ""Emerging"" (1.0) and ""Developing"" (2.0). The feedback critiques the group's work, pointing out significant gaps, such as the lack of an interdisciplinary approach and no proposed solutions to address conflicts. It also provides feedforward, suggesting what the group needs to improve, which is consistent with a score that indicates the work is still in the emerging phase but shows some attempt at addressing the issues. The tone and content of the feedback align with the expectations for a score below 2.0, as it highlights several areas needing improvement without acknowledging significant progress or integration, which would be expected for higher scores.",44
1.5,"Feedback: The group attempted to prioritize environmental injustice to promote social equity. No interdisciplinary approach was identified to address the equity issues. This group did not propose any solutions to reconcile the potential conflicts between economic progress and environmental injustice.
Feedforward: They need to use an integrative approach to explain the feasibility of prioritizing environmental injustice and justify it. They also need to propose some potential solutions to address the conflicts.","VERDICT: PASS
REASON: The provided feedback matches the numerical score of 1.5, which is between ""Emerging"" (1.0) and ""Developing"" (2.0). The feedback criticizes the group for lacking an interdisciplinary approach, not proposing solutions, and not justifying their prioritization, which indicates significant gaps in their work. However, it also acknowledges their attempt to prioritize environmental injustice, which shows some level of progress. The feedforward suggestions are constructive and aimed at improving the group's work, which is consistent with the ""Emerging"" to ""Developing"" range. The tone is helpful but points out significant gaps, aligning with a score that is closer to ""Emerging"" than ""Mastery"".",45
2,"Feedback: Good recognition that the definition of environmental injustice needs clarification with integrative approach to justify. Nevertheless, the group did not propose any solution to address the potential conflict between environmental injustice and economic growth.
Feedforward: They need to propose some potental solutions to address the potential conflicts between environmental injustice and economic growth.","VERDICT: PASS
REASON: The feedback provided for a score of 2.0 is appropriate according to the grading scale. It acknowledges a positive aspect of the work (""Good recognition that the definition of environmental injustice needs clarification with integrative approach to justify""), which indicates progress and a helpful insight. However, it also points out a significant gap (""the group did not propose any solution to address the potential conflict between environmental injustice and economic growth""), which is a critical area for improvement. This balance of acknowledging progress while highlighting gaps is characteristic of a ""Developing"" score, which is defined as a 2.0. The feedback does not overly critique the work as if it were emerging (1.0), nor does it uniformly praise the work as if it were at mastery level (3.0). Instead, it provides a constructive critique that is aligned with a developing stage, making the match between the score and the feedback appropriate.",46
1,"Feedback: It is unclear about the priority plan of this group. They highlighted economic growth at first but later they said ""as long as there is some degree of consideration of the other factor"", which is unclear. Also, they did not propose solutions to address the potential conflicts between economic growth and environmental injustice.
Feedforward: They need to make the priority plan clearer and propose some potental solutions to address the potential conflicts between environmental injustice and economic growth.","VERDICT: PASS
REASON: The provided feedback matches the numerical score of 1.0, which corresponds to ""Emerging"" on the grading scale. The critique highlights significant gaps in the work, such as the lack of clarity in the priority plan and the absence of proposed solutions to address potential conflicts. The tone of the feedback is constructive but focuses on the shortcomings, which is consistent with the ""Emerging"" category that is described as ""Critique-heavy, many gaps"". The feedback does not sound overly positive or suggest that the work is near perfect, which would be inconsistent with a score of 1.0. Therefore, the feedback aligns with the expectations for a score of 1.0.",47
2,"Feedback: The group clearly articulated and justified prioritizing economic development until sufficient resources are available for environmental justice. However, they did not propose solutions to address the potential conflicts between economic growth and environmental injustice.
Feedforward: They need to propose some potental solutions to address the potential conflicts between environmental injustice and economic growth.","VERDICT: PASS
REASON: The feedback provided matches the numerical score of 2.0, which corresponds to the ""Developing"" category. The feedback acknowledges the group's strengths in articulating and justifying their prioritization of economic development, which indicates progress. However, it also points out a significant gap in their proposal, specifically the lack of solutions to address potential conflicts between economic growth and environmental injustice. This balance of acknowledging progress while highlighting areas for improvement aligns with the criteria for a 2.0 score, making the feedback an appropriate match for the given score.",48
3,"Feedback: Your group has stated that the main problem is to ensure that alternative protein consumption remains sustainable. Your group has explained why an integrative approach, consisting of perspectives like social sciences, or business and engineering, is required. Feedforward: Good job.","VERDICT: PASS
REASON: The provided feedback matches the numerical score of 3.0. The feedback is very positive, stating that the group has successfully explained the main problem and the need for an integrative approach, which aligns with the ""Mastery"" description in the grading scale. The tone is supportive and encouraging, with a ""Good job"" remark, which is consistent with a high-level score. There is no critique or negative comment that would suggest a lower score, and the overall feedback focuses on the strengths of the work, indicating that the group has demonstrated a high level of understanding and application.",49
1,"Feedback: Your group's overarching purpose is not mentioned. Feedforward: To bring clarity to readers, your group should state your purpose, and explain why there is a need for an interdisciplinary approach.","VERDICT: PASS
REASON: The provided feedback matches the numerical score of 1.0. The feedback is critique-heavy, pointing out a significant gap in the work, specifically that the group's overarching purpose is not mentioned. It also provides a clear direction for improvement (feedforward), which is consistent with the ""Emerging"" grade definition. The tone is constructive, aiming to help the group improve, but it clearly highlights a major omission, aligning with the expectations for a 1.0 score.",50
1,"Feedback: Your group did not introduce the topic by stating the problem and purpose. Feedforward: Before answering the question, your group should state the overarching objective. Also, why is there a need for your group to consider multiple perspectives?","VERDICT: PASS
REASON: The feedback provided matches the numerical score of 1.0, as it is critique-heavy and points out significant gaps in the work. The feedback specifically mentions that the group did not introduce the topic by stating the problem and purpose, and suggests improvements, such as stating the overarching objective and considering multiple perspectives. This feedback is consistent with the definition of a 1.0 score, which is ""Emerging (Critique-heavy, many gaps)"". The tone and content of the feedback are constructive and focused on highlighting areas for improvement, which is appropriate for a 1.0 score.",51
1,"Feedback: Your group lacks a paragraph to frame the problem and allow readers to understand the purpose of this answer. Feedforward: Your group should start your answer by adding a problem statement. Furthermore, why are multiple perspectives required to tackle this problem?","VERDICT: PASS
REASON: The provided feedback matches the numerical score of 1.0. The feedback critique points out a significant gap in the work, specifically the lack of a problem framing paragraph, which is crucial for readers to understand the purpose of the answer. It also provides suggestions for improvement (feedforward), indicating that the work is emerging and requires development to address these gaps, aligning with the characteristics of a score of 1.0.",52
1,Feedback: Your group is lacking in an overview as well as overarching problem statement. The purpose is unclear. Feedforward: Your group state the purpose explicitly and clearly. This provides direction to the readers.,"VERDICT: PASS
REASON: The provided feedback matches the numerical score of 1.0. The critique points out significant gaps in the work, specifically highlighting the lack of an overview, overarching problem statement, and unclear purpose. Although the feedback also provides constructive suggestions for improvement (feedforward), the primary focus is on identifying the weaknesses and areas that need improvement, which aligns with the characteristics of a 1.0 score (Emerging, critique-heavy with many gaps). The tone is helpful but critical, indicating that the work is at an early stage of development and requires substantial refinement.",53
1,"Feedback: Your group did not include an overall problem statement. Feedforward: To bring clarity and direction to readers, your group should start your answer by stating the problem.","VERDICT: PASS
REASON: The provided feedback matches the numerical score of 1.0 because it critiques a significant gap in the work, specifically the absence of an overall problem statement. The feedback clearly points out what is missing and provides guidance for improvement, which is consistent with the ""Emerging"" description for a 1.0 score. The tone is constructive and focused on highlighting a critical omission rather than acknowledging progress or providing overly positive commentary, which would be more characteristic of higher scores. Therefore, the feedback aligns with the expectations for a 1.0 score.",54
1,"Feedback: Your group answered the questions abruptly without providing context, and introduction, or stating the problem. Feedforward: Your group should explain the problem, context, and why should there be an interdisciplinary approach to tackle the problem.","VERDICT: PASS
REASON: The provided feedback matches the numerical score of 1.0 because it focuses on criticizing the gaps in the work, specifically mentioning the lack of context, introduction, and problem statement. The tone is constructive but points out significant areas for improvement, which aligns with the ""Emerging"" description of a 1.0 score. The feedback does not suggest that the work is perfect or even satisfactory, instead, it highlights major deficiencies that need to be addressed, which is consistent with the criteria for a 1.0 score.",55
1,Feedback: Your group did not include a portion to specifically frame the problem context. Feedforward: Why is there a need to tackle the problem? What is the purpose?,"VERDICT: PASS
REASON: The provided feedback matches the numerical score of 1.0 because it clearly points out a significant gap in the work, specifically stating that the group did not include a portion to frame the problem context. This indicates a critique-heavy assessment with a notable gap, aligning with the definition of a 1.0 score as ""Emerging (Critique-heavy, many gaps)"". The feedback provides a clear critique and suggests improvements (feedforward), which is appropriate for a 1.0 score without suggesting perfect work or an overly positive tone that would be out of place for this score.",56
1,Feedback: Your group did not show evidence of problem framing. Feedforward: What is the problem statement and purpose? The purpose should be clearly defined to provide meaning and direction to your response.,"VERDICT: PASS
REASON: The provided feedback matches the numerical score of 1.0. The feedback states that the group ""did not show evidence of problem framing,"" which indicates a significant gap in their work. This aligns with the description of a 1.0 score as ""Emerging (Critique-heavy, many gaps)."" The feedback is critique-heavy, pointing out a major omission in the group's work, and provides a feedforward suggestion to improve, which is consistent with the expectations for a 1.0 score.",57
1,"Feedback: Your group did not show any signs of problem framing. Feedforward: Your group should emphasize the purpose, as well as why your group needs to tackle this problem using a multi-disciplinary approach.","VERDICT: PASS
REASON: The feedback provided matches the numerical score of 1.0, as it is critique-heavy and highlights significant gaps in the work. The feedback explicitly states that the group ""did not show any signs of problem framing"", which indicates a lack of progress and understanding, aligning with the ""Emerging"" category. The tone is corrective rather than positive or acknowledging of progress, which is consistent with a score of 1.0. The feedforward section provides guidance on how to improve, but the primary focus is on the absence of a critical component, reinforcing the Emerging (1.0) score.",58
1,Feedback: Your group's response started off unclear as there was no problem statement. Feedforward: Your group should clearly state the problem and objective.,"VERDICT: PASS
REASON: The provided feedback matches the numerical score of 1.0. Although the tone of the feedback is constructive and provides actionable suggestions (feedforward), it clearly highlights significant gaps in the submission, specifically the lack of a clear problem statement. This critique-heavy feedback, focusing on a major omission, aligns with the ""Emerging"" description of the 1.0 score, which is characterized by being ""Critique-heavy, many gaps."" The feedback does not suggest any acknowledgment of progress or strengths that would be more typical of a 2.0 or 3.0 score, thus it appropriately aligns with a 1.0 score.",59
1,"Feedback: Your group's answer has no clear sense of direction as your group started by listing out answers, with no context provided. Feedforward: Your group should establish a meaningful purpose at the start of your answer.","VERDICT: PASS
REASON: The provided feedback matches the numerical score of 1.0 because it highlights significant gaps in the group's answer, specifically the lack of direction and context. The critique is focused on the absence of a clear purpose at the start of the answer, which aligns with the ""Emerging"" descriptor of the 1.0 score, indicating that the work is critique-heavy with many gaps. The feedback is constructively negative, aiming to guide improvement rather than acknowledging progress or integrating high-level concepts, which is appropriate for a 1.0 score.",60
1,"Feedback: Your group did not include a clear purpose. Feedforward: Your group should state the purpose at the beginning. Furthermore, why is there a need for a multi-disciplinary approach to achieve the objective?","VERDICT: PASS
REASON: The provided feedback matches the numerical score of 1.0 because it highlights significant gaps in the work, specifically the lack of a clear purpose and the need for a multi-disciplinary approach. The feedback is critique-heavy, pointing out major areas for improvement, which aligns with the definition of a 1.0 score as ""Emerging (Critique-heavy, many gaps)"". The tone is constructive but clearly indicates that the work has significant shortcomings, fitting the criteria for a 1.0 score.",61
1,"Feedback: Your group rushed to answer the question, without including context or a problem statement. Feedforward: Your group should start by stating the problem.","VERDICT: PASS
REASON: The provided feedback matches the numerical score of 1.0, as it is critique-heavy and points out significant gaps in the work. The feedback states that the group ""rushed to answer the question"" without including essential elements such as context or a problem statement, which indicates a lack of depth and preparation. The tone is constructively critical, providing a clear direction for improvement (feedforward) by suggesting that the group should start by stating the problem. This aligns with the definition of a 1.0 score, which is characterized as ""Emerging"" with a critique-heavy assessment highlighting many gaps.",62
1,Feedback: Your group did not include a clear direction or purpose. Feedforward: Your group should start your response by providing a meaningful and clear purpose.,"VERDICT: PASS
REASON: The feedback provided matches the numerical score of 1.0 because it is critique-heavy and points out significant gaps in the work. The feedback states that the group did not include a clear direction or purpose, which indicates a major area for improvement. The tone is constructive, providing a clear suggestion for improvement (""start your response by providing a meaningful and clear purpose""), but the overall assessment is negative, highlighting a significant gap in the work, which aligns with the ""Emerging"" category of the grading scale.",63
1,"Feedback: Your group did not state the problem to tackle, making it confusing for readers as the response started abruptly with the policy. Feedforward: Your group can provide an introduction, context, and overarching purpose.","VERDICT: PASS
REASON: The provided feedback matches the numerical score of 1.0 because it critiques the work by stating a significant gap, specifically that the group did not state the problem to tackle, which made the response confusing. The feedback then offers suggestions for improvement (feedforward), indicating areas where the work is emerging but lacks necessary components, such as an introduction, context, and overarching purpose. This aligns with the definition of a 1.0 score, which is characterized as ""Emerging (Critique-heavy, many gaps).""",64
3,Feedback: Your group has a concise and clear introduction to state the problem. Feedforward: Well done.,"VERDICT: PASS
REASON: The provided feedback for a score of 3.0 is very positive, stating that the group has a ""concise and clear introduction to state the problem"" and ends with ""Well done,"" which indicates a high level of achievement and satisfaction with the work. This aligns with the description of a 3.0 score as ""Mastery (Very positive, focuses on high-level integration)"" and does not contain any critique or negative comments that would suggest otherwise. Therefore, the feedback matches the numerical score of 3.0.",65
1,Feedback: Your group has started off abruptly by listing out suggestions. Feedforward: Your group should introduce the problem and purpose before answering the question immediately.,"VERDICT: PASS
REASON: The provided feedback matches a score of 1.0 because it highlights a significant gap in the work, specifically that the group started off abruptly without introducing the problem and purpose. The tone of the feedback is constructive and points out a major omission, which aligns with the ""Emerging"" criteria of the 1.0 score, indicating that the work has many gaps and requires significant improvement. The feedback does not sound overly positive or suggest that the work is near perfect, which would be inconsistent with a 1.0 score. Instead, it provides a clear critique and suggestions for improvement, fitting the ""Critique-heavy"" description of a 1.0 score.",66
1,Feedback: Your group is lacking in a problem statement. Feedforward: What is the problem and purpose of your answer?,"VERDICT: PASS
REASON: The feedback provided matches the numerical score of 1.0, as it critiques the work for lacking a problem statement, which is a significant gap. The tone is constructive, but it clearly points out a major deficiency, aligning with the ""Emerging"" description of the 1.0 score. The use of the term ""lacking"" and the need for a fundamental aspect like a problem statement indicates that the work has significant gaps, which is consistent with a 1.0 score.",67
3,Feedback: Your group started by stating the overarching policy objective. Your group stated the reason why an interdisciplinary approach must be adopted. Feedforward: Keep it up.,"VERDICT: PASS
REASON: The feedback provided matches the numerical score of 3.0, as it is very positive and focuses on high-level integration. The feedback acknowledges the group's ability to identify the policy objective and the necessity of an interdisciplinary approach, and the ""Feedforward"" section encourages them to continue their good work with ""Keep it up."" This aligns with the characteristics of a 3.0 score, which is described as ""Very positive, focuses on high-level integration"" in the grading scale.",68
3,"Feedback: Your group has started by stating a clear objective. Your group's goal is to prioritize sustainable environmental development and guide Singapore toward achieving its net-zero emissions target while preserving biodiversity, ensuring ecosystem resilience, and promoting innovation in clean technologies. Your group has specified why there needs to be multiple disciplines involved. Feedforward: Good job.","VERDICT: PASS
REASON: The feedback provided for a score of 3.0 is very positive, focusing on the group's clear objective, interdisciplinary approach, and specific goals such as prioritizing sustainable environmental development and promoting innovation in clean technologies. The tone is encouraging, with a ""Good job"" at the end, which aligns with the Mastery level (3.0) of the grading scale. The feedback highlights the group's strengths and progress without mentioning any significant gaps or criticisms, which is consistent with the definition of a 3.0 score as ""Very positive, focuses on high-level integration.""",69
2,"Feedback: Your group has stated a purpose that calls for an integrative approach. However, it is not clear why it is necessary to use the physical sciences approach. Your problem framing was mostly heavily catered to the business and economics approach only. Feedforward: Your group should justify the need for using the physical sciences discipline.","VERDICT: PASS
REASON: The provided feedback aligns with a score of 2.0, as it points out gaps in the work (lack of clarity on why the physical sciences approach is necessary and the problem framing being mostly catered to the business and economics approach) while acknowledging some progress (the group has stated a purpose that calls for an integrative approach). The feedback is helpful and constructive, providing a clear direction for improvement (justifying the need for using the physical sciences discipline), which is consistent with the ""Developing"" grade.",70
3,Feedback: Your group has explained the objective and main problem. Your group has stated the need for using multiple disciplines to approach this problem. Feedforward: Good effort.,"VERDICT: FAIL
REASON: The provided feedback does not match a score of 3.0, which corresponds to ""Mastery"" and should be ""Very positive, focuses on high-level integration."" The feedback given is generally positive but lacks the depth and praise expected for a 3.0 score. It acknowledges the group's effort and identifies some strengths but does so in a somewhat minimalist manner. The phrase ""Good effort"" is more aligned with encouragement than with the high-level praise typically associated with a 3.0 score. Furthermore, a 3.0 score should highlight exceptional integration or high-level achievement, which is not evident in the feedback provided.",71
3,Feedback: Your group has a concise problem statement. Your group has also explained why there is a need for multiple disciplines to be involved to tackle this problem. Feedforward: Well done.,"VERDICT: PASS
REASON: The provided feedback matches the numerical score of 3.0 because it focuses on high-level integration, provides very positive comments, and acknowledges the group's achievements. The feedback highlights the group's strengths, such as having a concise problem statement and explaining the need for multiple disciplines to be involved. The ""Feedforward"" comment, ""Well done,"" further reinforces the positive tone, which is consistent with the Mastery level of the grading scale. There is no critique or negative comment that would suggest a lower score, making the feedback appropriate for a 3.0 score.",72
1,Feedback: Your group did not show a problem statement nor explain why there is a need for an interdisciplinary approach. Feedforward: Your group should state the purpose to establish a clear direction for readers.,"VERDICT: PASS
REASON: The provided feedback matches the numerical score of 1.0 because it highlights significant gaps in the work, specifically the absence of a problem statement and the lack of explanation for the need for an interdisciplinary approach. The feedback is critique-heavy, focusing on the missing elements, which aligns with the ""Emerging"" description for a score of 1.0. The tone is constructive, providing a clear direction for improvement (feedforward), but it clearly indicates that there are major gaps in the submission, fitting the criteria for a 1.0 score.",73
1,Feedback: Your response lacks structure and a problem framing paragraph. This makes readers feel confused. Feedforward: What is your group's purpose? Why is there a need for an interdisciplinary approach?,"VERDICT: PASS
REASON: The provided feedback matches a score of 1.0 because it highlights significant gaps in the work, specifically mentioning the lack of structure and a problem framing paragraph, which causes reader confusion. The tone is critique-heavy, focusing on the shortcomings of the submission, and provides feedforward suggestions to address these gaps. This aligns with the description of a 1.0 score as ""Emerging (Critique-heavy, many gaps)"" and does not describe the work as perfect or even satisfactory, which would be inconsistent with a 1.0 score.",74
1,"Feedback: Your answer directly illustrate xxxx. However, you do not explicitly state the purpose and do not explain why an interdisciplinary approach is necessary.
Feedforward: To improve, you would need to strengthen the problem framework by clearly articulating the specific issues being addressed, thereby providing a logical justification for the necessity of an interdisciplinary approach.","VERDICT: PASS
REASON: The provided feedback matches the numerical score of 1.0. The feedback points out significant gaps in the work, specifically mentioning that the purpose is not explicitly stated and the necessity of an interdisciplinary approach is not explained. The tone is critique-heavy, focusing on the areas that need improvement, which aligns with the ""Emerging"" descriptor for a score of 1.0. The feedback also provides specific guidance for improvement, which is consistent with the expectation for a score of 1.0, where the feedback should be helpful in identifying gaps and suggesting ways to address them.",75
2,"Feedback: You stated a clear goal (""Reduce carbon emissions by both households & companies in SG""). However, you did not explain why an interdisciplinary approach is necessary to achieve this. You jumped straight into the solutions without justifying why a mix of economic, social, and technological strategies is needed to solve this specific problem.
Feedforward: You can strengthen problem framing by providing more comprehensive justification for why an interdisciplinary approach is necessary for successful implementation.
","VERDICT: PASS
REASON: The provided feedback matches a score of 2.0, as it points out gaps in the work (lack of justification for an interdisciplinary approach) but also acknowledges a positive aspect (a clear goal statement). The feedback is helpful and suggests a specific area for improvement (strengthening problem framing), which aligns with the characteristics of a ""Developing"" score. The tone is constructive and provides actionable advice, indicating that the work is not at the level of mastery (3.0) but shows promise and potential for growth.",76
2,"Feedback: Clear identification of ""SD+"" framework and 3 key pillars - social, economic and environmental. However, the purpose and rationale for the interdisciplinary approach are not well established for all problems.
Feedforward: You can strengthen problem framing by providing more comprehensive justification for why an interdisciplinary approach is necessary for successful implementation.","VERDICT: PASS
REASON: The feedback provided for a score of 2.0 (""Developing"") is appropriate as it both acknowledges progress (""Clear identification of 'SD+' framework and 3 key pillars"") and points out gaps (""the purpose and rationale for the interdisciplinary approach are not well established for all problems""). This balance of recognition and critique aligns with the definitions of a 2.0 score, which is characterized as ""Helpful, points out gaps but acknowledges progress."" The feedback does not indicate a perfect work (which would be a 3.0) nor does it solely critique without acknowledging any progress (which would be a 1.0). Therefore, the match between the numerical score and the feedback is correct.",77
1,"Feedback: There is limited problem framing in your slide, with an unclear purpose and insufficient justification for taking an interdisciplinary approach.
Feedforward: You could demonstrate your framework by clearly articulating the problem and purpose, and provide justification for the use of an integrated interdisciplinary perspective.","VERDICT: PASS
REASON: The provided feedback matches the numerical score of 1.0 because it is critique-heavy, pointing out significant gaps in the work, such as limited problem framing, unclear purpose, and insufficient justification for an interdisciplinary approach. The feedback is focused on critiquing the current state of the work, indicating that it is still in the ""Emerging"" stage, which aligns with the definition of a 1.0 score. The inclusion of ""Feedforward"" suggestions for improvement also aligns with the intent of helping the student improve, but the primary tone and content of the feedback are critiquing the current gaps, fitting the 1.0 score criteria.",78
1,"Feedback: You jumped straight into solutions (education and taxes) without framing the specific problem you are addressing.
Feedforward: To improve, you would need to strengthen the problem framework by clearly articulating the specific issues being addressed, thereby providing a logical justification for the necessity of an interdisciplinary approach.","VERDICT: PASS
REASON: The feedback provided for a score of 1.0 is appropriate because it highlights a significant gap in the work, specifically the lack of problem framing before proposing solutions. The critique is clear and direct, indicating that the work is at an ""Emerging"" level, requiring substantial improvement. The feedback does not suggest that the work is perfect or even satisfactory, which aligns with the criteria for a 1.0 score. The inclusion of ""Feedforward"" suggestions for improvement further supports the notion that the work is in the early stages of development, consistent with a score of 1.0.",79
1,"Feedback: Your answer directly conduct analysis. However, you do not explicitly state the purpose and do not explain why an interdisciplinary approach is necessary.
Feedforward: You should clearly articulate the specific problem being addressed and provide a strong rationale for why an interdisciplinary approach is necessary.
","VERDICT: PASS
REASON: The feedback provided matches the numerical score of 1.0 because it highlights significant gaps in the work, specifically the lack of explicit statement of purpose and the failure to explain the necessity of an interdisciplinary approach. The tone is critique-heavy, focusing on what is missing, which aligns with the description of a 1.0 score as ""Emerging (Critique-heavy, many gaps)"". The feedforward suggestions further reinforce the idea that there are substantial areas for improvement, consistent with a score indicating emerging skills.",80
1,"Feedback: Your group directly illustrstes specific solutions like vertical greenery and sustainable wood, but you did not frame the core problem or explain why an interdisciplinary approach is necessary.
Feedforward: You can start with a clear problem statement defining the specific problem, explicitly justify why solving this requires integrating engineering, environment, social and different disciplines together.","VERDICT: PASS
REASON: The provided feedback matches a score of 1.0 because it highlights significant gaps in the work, specifically the lack of problem framing and justification for an interdisciplinary approach. The feedback is critique-heavy, pointing out major areas for improvement, which aligns with the ""Emerging"" description for a 1.0 score. The feedforward suggestions further reinforce this, as they provide direction on how to address these fundamental gaps, indicating that the work is in the early stages of development and requires substantial improvement to reach a higher level of quality.",81
1,"Feedback: There is limited problem framing in your answer, with an unclear purpose and insufficient justification for taking an interdisciplinary approach.
Feedforward: You could demonstrate your framework by clearly articulating the problem and purpose, and provide justification for the use of an integrated interdisciplinary perspective.","VERDICT: PASS
REASON: The provided feedback matches the numerical score of 1.0. The feedback is critique-heavy, pointing out significant gaps in the work, such as limited problem framing, unclear purpose, and insufficient justification for an interdisciplinary approach. The feedforward suggestions also imply that the student needs to make substantial improvements to demonstrate a clear framework, which aligns with the ""Emerging"" description of a 1.0 score. The tone is constructive but highlights major areas for development, fitting the criteria for a 1.0 score.",82
1,"Feedback: Your group directly provided a comprehensive list of solutions (subsidies, infrastructure, education, etc.) without framing the core problem or propose first. You did not explicitly explain why requires the specific interdisciplinary approach.
Feedforward: You could demonstrate your framework by clearly articulating the problem and purpose, and provide justification for the use of an integrated interdisciplinary perspective.","VERDICT: PASS
REASON: The provided feedback matches the numerical score of 1.0, as it is critique-heavy and points out significant gaps in the work. Specifically, it mentions that the group failed to frame the core problem, did not propose a clear justification for an interdisciplinary approach, and did not explicitly explain the need for such an approach. The feedback is focused on highlighting the weaknesses and areas for improvement, which aligns with the characteristics of a 1.0 score on the grading scale. The tone and content of the feedback are consistent with the ""Emerging"" category, indicating that the work has many gaps and requires significant improvement.",83
1,"Feedback: There is limited problem framing in your slide, with an unclear purpose and insufficient justification for taking an interdisciplinary approach.
Feedforward: You should clearly articulate the specific problem being addressed and provide a strong rationale for why an interdisciplinary approach is necessary.","VERDICT: PASS
REASON: The provided feedback matches the numerical score of 1.0, as it is critique-heavy and points out significant gaps in the work, such as limited problem framing, unclear purpose, and insufficient justification for an interdisciplinary approach. The feedback does not acknowledge progress or provide positive remarks, which is consistent with the ""Emerging"" category of the grading scale. The tone is constructive but critical, indicating that the work requires significant improvement, aligning with the expectations for a score of 1.0.",84
2,"Feedback: You provide a clear decomposition of the problem from a multi-disciplinary perspective. However, the justification for integrating disciplines is not strong and explicit.
Feedforward: You can strengthen problem framing by providing more comprehensive justification for why an interdisciplinary approach is necessary for successful implementation.","VERDICT: PASS
REASON: The feedback provided for a score of 2.0 aligns with the definition of ""Developing"" as per the grading scale. It acknowledges progress by stating that the decomposition of the problem from a multi-disciplinary perspective is ""clear,"" which is a positive aspect. However, it also points out a gap by mentioning that the justification for integrating disciplines is ""not strong and explicit,"" indicating an area for improvement. The feedback is helpful and constructive, providing a clear direction for strengthening the problem framing, which is consistent with the expectations for a score of 2.0.",85
2,"Feedback: Your group attempted to frame the problem by proposing a overview of the programme clearly. However, the rationale for the interdisciplinary approaches could be further developed.
Feedforward: You can strengthen problem framing by providing more comprehensive justification for why an interdisciplinary approach is necessary for successful implementation.","VERDICT: PASS
REASON: The feedback provided for a score of 2.0 is appropriate because it acknowledges progress (""Your group attempted to frame the problem by proposing a overview of the programme clearly"") while also pointing out gaps that need improvement (""the rationale for the interdisciplinary approaches could be further developed""). The feedforward suggestion (""You can strengthen problem framing by providing more comprehensive justification for why an interdisciplinary approach is necessary for successful implementation"") is helpful and constructive, which is consistent with the ""Developing"" criteria for a 2.0 score. The feedback balances recognition of the group's effort with clear guidance for further development, making it a suitable match for a 2.0 score.",86
1,"Feedback: Your group directly provided a list of specific solutions (subsidies, taxes, etc.) without defining the core problem or explaining why an interdisciplinary approach is necessary.
Feedforward: You can start with a clear problem statement, explicitly justify why solving this requires different disciplines perspectives.","VERDICT: PASS
REASON: The provided feedback matches the numerical score of 1.0, as it critiques the work for lacking a clear problem statement and interdisciplinary approach justification, indicating significant gaps in the work. The feedback highlights specific areas for improvement, such as starting with a clear problem statement and justifying the need for an interdisciplinary approach, which aligns with the ""Emerging"" description of the 1.0 score. The tone is constructive and points out gaps, fitting the criteria for a 1.0 score without sounding overly positive or suggesting perfect work.",87
1,"Feedback: Your answer directly provided solutions. However, you lack a clear explanation of the problem framework and why an integrated interdisciplinary approach is necessary to address the issue.
Feedforward: To improve, you would need to strengthen the problem framework by clearly articulating the specific issues being addressed, thereby providing a logical justification for the necessity of an interdisciplinary approach.","VERDICT: PASS
REASON: The provided feedback matches the numerical score of 1.0 because it identifies significant gaps in the work, specifically the lack of a clear explanation of the problem framework and the necessity of an interdisciplinary approach. The feedback is critique-heavy, focusing on the shortcomings of the submission, which aligns with the characteristics of a 1.0 score as defined by the grading scale. The tone is constructive, aiming to guide improvement, but it clearly points out major areas that need development, fitting the ""Emerging"" description.",88
1,"Feedback: Your group directly provide solutions without framing the core problem or explaining why an interdisciplinary approach is necessary at the start.
Feedforward: You can start with a clear problem statement, defining the specific problem and justify the need for interdisciplinary approach.","VERDICT: PASS
REASON: The provided feedback matches the numerical score of 1.0. The feedback is critique-heavy, pointing out significant gaps in the work, such as the lack of problem framing and justification for an interdisciplinary approach. It also provides suggestions for improvement (feedforward), which is consistent with the ""Emerging"" category. The tone is constructive but highlights major areas that need improvement, aligning with the expectations for a score of 1.0.",89
1,"Feedback: There is limited problem framing in your answer, with an unclear purpose and insufficient justification for taking an interdisciplinary approach.
Feedforward: You should clearly articulate the specific problem being addressed and provide a strong rationale for why an interdisciplinary approach is necessary.","VERDICT: PASS
REASON: The provided feedback matches the numerical score of 1.0, as it is critique-heavy and points out significant gaps in the work. Specifically, the feedback highlights the limited problem framing, unclear purpose, and insufficient justification for an interdisciplinary approach, which aligns with the characteristics of a score of 1.0. The feedforward section also provides constructive suggestions for improvement, which is consistent with the ""Emerging"" category. Overall, the tone and content of the feedback are appropriate for a score of 1.0, indicating that the work has significant areas for improvement.",90
1,"Feedback: Your group jumped directly into solutions (subsidies) without framing the core problem or explaining why an interdisciplinary approach is necessary at the start.
Feedforward: You can start with a clear problem statement, explicitly justifying why solving this requires integrating different disciplines approaches.","VERDICT: PASS
REASON: The feedback provided aligns with the numerical score of 1.0, which corresponds to ""Emerging"" on the grading scale. The critique-heavy nature of the feedback, highlighting the lack of problem framing and justification for an interdisciplinary approach, matches the description of a 1.0 score as ""Critique-heavy, many gaps"". The feedforward suggestion also implies that there are significant areas for improvement, which is consistent with a 1.0 score. Overall, the feedback is appropriately focused on identifying gaps and providing suggestions for improvement, which is in line with the expectations for a 1.0 score.",91
1,"Feedback: Your answer directly provided solutions. However, you do not explicitly state the purpose and do not explain why an interdisciplinary approach is necessary.
Feedforward: To improve, you would need to strengthen the problem framework by clearly articulating the specific issues being addressed, thereby providing a logical justification for the necessity of an interdisciplinary approach.","VERDICT: PASS
REASON: The feedback provided matches the numerical score of 1.0. The feedback is critique-heavy, pointing out significant gaps in the work, such as the lack of explicit statement of purpose and the necessity of an interdisciplinary approach. The tone is helpful but focuses on the shortcomings, which aligns with the ""Emerging"" description of a 1.0 score. The feedforward section also suggests areas for improvement, which is consistent with a score that indicates the need for significant development. Overall, the feedback is appropriate for a score of 1.0, as it highlights the need for improvement and provides guidance on how to address the gaps.",92
1,"Feedback: Your answer directly illustrates solutions through different perspectives. However, you lack a clear explanation of the problem framework and why an integrated interdisciplinary approach is necessary to address the issue.
Feedforward: You should clearly articulate the specific problem being addressed and provide a strong rationale for why an interdisciplinary approach is necessary.","VERDICT: PASS
REASON: The provided feedback matches the numerical score of 1.0. Although the feedback starts by positively stating that the answer illustrates solutions through different perspectives, it immediately highlights significant gaps, such as the lack of a clear explanation of the problem framework and the necessity of an interdisciplinary approach. This critique-heavy feedback, focusing on major areas for improvement, aligns with the definition of a 1.0 score, which is characterized as ""Emerging"" with ""Critique-heavy, many gaps."" The feedback does not sound like it describes perfect work, which would be inconsistent with a 1.0 score. Instead, it emphasizes the need for significant improvement, particularly in articulating the problem and justifying the interdisciplinary approach, which is consistent with the expectations for a 1.0 score.",93
1,"Feedback: Your group proposed specific support measures for businesses and employees, but you jumped directly into these solutions without framing the core problem or explaining the purpose of using an interdisciplinary approach.
Feedforward: You can start with a clear problem statement. We suggest explicitly defining the core problem you want to solve and justifying why an interdisciplinary approach is necessary.","VERDICT: PASS
REASON: The provided feedback matches the numerical score of 1.0 because it highlights significant gaps in the work, specifically the lack of problem framing and justification for an interdisciplinary approach. The tone is critical and constructive, focusing on the absence of essential components rather than acknowledging progress or providing overwhelmingly positive feedback. The critique is detailed, and the feedforward suggestions are aimed at addressing the identified gaps, which aligns with the characteristics of a 1.0 score on the grading scale.",94
1,"Feedback: Your group proposed specific solutions like subsidies, smart grids, and skills training, but you jumped directly into these solutions without framing the core problem or explaining the purpose of using an interdisciplinary approach.
Feedforward: You can start with a clear problem statement, explicitly defining the core problem you want to solve and justifying why an interdisciplinary approach is necessary.","VERDICT: PASS
REASON: The provided feedback matches the numerical score of 1.0 because it focuses on the gaps and shortcomings in the work, specifically highlighting the lack of problem framing and justification for an interdisciplinary approach. The critique is constructive, aiming to improve the work, but clearly indicates that the submission is at an ""Emerging"" stage, requiring significant development. The feedforward section offers specific guidance on how to address these gaps, which is consistent with a score of 1.0, indicating a need for substantial improvement.",95
2,"Feedback: Clear identification of the introduction of the policy, as well as the integrative approach was found in the slide. However, the purpose and rationale for the interdisciplinary approach are not well established for all problems.
Feedforward: You can strengthen problem framing by providing more comprehensive justification for why an interdisciplinary approach is necessary for successful implementation.","VERDICT: PASS
REASON: The provided feedback matches a score of 2.0, as it acknowledges progress (""Clear identification of the introduction of the policy, as well as the integrative approach was found in the slide"") but also points out gaps and areas for improvement (""the purpose and rationale for the interdisciplinary approach are not well established for all problems""). The feedback is helpful and constructive, offering specific suggestions for strengthening problem framing, which is consistent with the ""Developing"" category of the grading scale.",96
1,"Feedback: Your group provided a comprehensive list of 7 distinct strategies, ranging from energy to international collaboration. However, you jumped directly into these solutions without explicitly framing the core problem or tension that necessitates this specific multi-pronged approach.
Feedforward: You can start with a clear problem statement, define the specific conflict and justifying why solving it requires integrating the different disciplines.","VERDICT: PASS
REASON: The feedback provided matches the numerical score of 1.0. Although the feedback starts by acknowledging a positive aspect of the work (""a comprehensive list of 7 distinct strategies""), it immediately highlights significant gaps (""jumped directly into these solutions without explicitly framing the core problem or tension""). This critique-heavy approach, pointing out major omissions in the problem-framing process, aligns with the characteristics of a 1.0 score, which is described as ""Emerging"" with ""Critique-heavy, many gaps"". The feedforward suggestion also indicates areas for improvement, further supporting the 1.0 score classification.",97
1,"Feedback: Your group listed specific solutions regarding education, companies, and habitats, but you jumped directly into these solutions without framing the core problem or explaining the purpose of using an interdisciplinary approach.
Feedforward: You can start with a clear problem statement, explicitly define the core problem and justify why an interdisciplinary approach is necessary.","VERDICT: PASS
REASON: The feedback provided matches the numerical score of 1.0, as it is critique-heavy and points out significant gaps in the work. The feedback explicitly states that the group jumped directly into solutions without framing the core problem or explaining the purpose of using an interdisciplinary approach, which indicates a lack of depth and understanding. The tone is constructive and provides clear guidance for improvement, which is consistent with a score of 1.0 (Emerging). The use of phrases such as ""jumped directly into these solutions"" and the need for a ""clear problem statement"" and justification for an interdisciplinary approach highlight the gaps in the work, making the score of 1.0 appropriate.",98
3,"Feedback: Your group provided excellent problem framing at the beginning with a clear rationale. They effectively connected the environmental, social, and economic dimensions of sustainability
Feedforward: This represents mastery-level problem framing. Well done!","VERDICT: PASS
REASON: The feedback provided matches the numerical score of 3.0, as it is very positive and focuses on high-level integration. The feedback highlights the group's excellent problem framing, clear rationale, and effective connection of sustainability dimensions, which aligns with the ""Mastery"" description in the grading scale. The feedforward section also explicitly states that the work represents ""mastery-level problem framing,"" which further supports the score of 3.0. Overall, the feedback is consistent with the expectations of a 3.0 score, indicating that the work demonstrates a high level of achievement.",99
2,"Feedback: Your group attempted to frame the problem by proposing a introduction of the comprehensive approach. However, the rationale for the interdisciplinary approaches could be further developed.
Feedforward: You can strengthen problem framing by providing more comprehensive justification for why an interdisciplinary approach is necessary for successful implementation.","VERDICT: PASS
REASON: The feedback provided for a score of 2.0 aligns with the ""Developing"" criteria. It points out gaps in the work, specifically mentioning that the rationale for interdisciplinary approaches could be further developed. At the same time, it acknowledges the group's attempt to frame the problem and offers constructive feedforward to improve. This balance of identifying areas for improvement while providing guidance for growth is consistent with the expectations for a 2.0 score, which is characterized as ""Developing"" and is supposed to be helpful, acknowledging progress while pointing out gaps.",100
2,"Feedback: Clear introduction of your strategies, as well as the integrative approach was found in the answer. However, the purpose and rationale for the interdisciplinary approach are not well established for the problem.
Feedforward: You need to enhance justification for why an interdisciplinary approach is necessary. For example, explain why and how different discipline perspectives should be integrated to design the solution.","VERDICT: PASS
REASON: The provided feedback matches the numerical score of 2.0, which corresponds to the ""Developing"" category. The feedback acknowledges progress by stating that the introduction of strategies and the integrative approach are clear. However, it also points out gaps, such as the lack of establishment of the purpose and rationale for the interdisciplinary approach, which is consistent with the ""Developing"" category. The feedback is helpful and provides specific suggestions for improvement, which is also in line with the expectations for a 2.0 score. Overall, the feedback strikes a balance between acknowledging strengths and highlighting areas for improvement, making it a suitable match for a score of 2.0.",101
